Project Name (383),Git URL,Random,Presence of Wiki Tab,Content in Wiki Tab
bss_final,https://github.com/Shoreray/bss_final.git,0.737467427,,
Threads1,https://github.com/justinjung90/Threads1.git,0.04193077646,,
swiftbook,https://github.com/wq1977/swiftbook.git,0.2124202282,,
my-emacs-config,https://github.com/xuchunyang/my-emacs-config.git,0.7658901783,,
Time-Machine-Client,https://github.com/Time-Machine-S/Time-Machine-Client.git,0.4089167934,,
Moo1LBXHandler,https://github.com/pkrcel/Moo1LBXHandler.git,0.03576254081,,
fxos-NantesTimetable,https://github.com/tornoz/fxos-NantesTimetable.git,0.09655368997,,
Test1,https://github.com/wsyzxcn/Test1.git,0.3960747399,,
TradeTrax,https://github.com/onyxbits/TradeTrax.git,0.5939584667,,
kd,https://github.com/tetsuo/kd.git,0.9019523418,,
carpool,https://github.com/manavs19/carpool.git,0.4326050796,,
rails-practice-styling-forms,https://github.com/gSchool/rails-practice-styling-forms.git,0.834048696,,
alignetpy,https://github.com/codeadict/alignetpy.git,0.5233405811,,
example,https://github.com/gzwangbo/example.git,0.9819144783,,
learning_polymer,https://github.com/mayankk04/learning_polymer.git,0.8111019918,,
keystonepy,https://github.com/japina/keystonepy.git,0.298924122,,
kaijava,https://github.com/kaijava/kaijava.git,0.2221856158,,
web2,https://github.com/dunveganspace/web2.git,0.05237458939,,
talentpunk,https://github.com/Bushstar/talentpunk.git,0.8393845813,,
Test_Practice_1,https://github.com/vinothmit/Test_Practice_1.git,0.5867603236,,
espah,https://github.com/iveysaur/espah.git,0.2858778403,,
iann-solr,https://github.com/iannpro/iann-solr.git,0.2531081204,,
modus,https://github.com/mkosak/modus.git,0.2520958748,,
java8,https://github.com/droboports/java8.git,0.7148516681,,
saint_coran,https://github.com/abndsn/saint_coran.git,0.5946955186,,
devart-template,https://github.com/rmnzr/devart-template.git,0.7688911674,,
ripple-rest,https://github.com/clark800/ripple-rest.git,0.997663473,,
wntmis407,https://github.com/DrSree/wntmis407.git,0.5826943389,,
ModPlayground,https://github.com/Farew311/ModPlayground.git,0.4774717468,,
attackvector,https://github.com/attackvector/attackvector.git,0.1736531045,,
Ferret,https://github.com/akagiyama22/Ferret.git,0.09279500055,,
gameday,https://github.com/WesleyKG/gameday.git,0.3901407619,,
puls2014,https://github.com/edsonmgoz/puls2014.git,0.780858124,,
firstjavaproject,https://github.com/mhmtztrk/firstjavaproject.git,0.205172382,,
gitx,https://github.com/kbinani/gitx.git,0.8739244335,,
mongoose-migration,https://github.com/mccraveiro/mongoose-migration.git,0.9292275881,,
Tabletop-Simulator,https://github.com/jieverson/Tabletop-Simulator.git,0.278303161,,
aman_template,https://github.com/iFeras93/aman_template.git,0.8802576673,,
decimal-clock,https://github.com/bwittorf/decimal-clock.git,0.6427098963,,
REST-Easy,https://github.com/ManicoW/REST-Easy.git,0.02338918299,,
Homework-6,https://github.com/mdibenigno/Homework-6.git,0.8616473726,,
otimizacao-tf,https://github.com/amreis/otimizacao-tf.git,0.2832089115,,
DiscreteFrechetDistance,https://github.com/Unknowncmbk/DiscreteFrechetDistance.git,0.6020980213,,
GenericSorting,https://github.com/firatsivrikaya/GenericSorting.git,0.326245622,,
rhinorstab,https://github.com/2D/rhinorstab.git,0.9982757286,,
HelloWorldEJB3,https://github.com/emiliosmoreno/HelloWorldEJB3.git,0.06445378372,,
8puzzle,https://github.com/anapmc/8puzzle.git,0.4101334547,,
SocketClient,https://github.com/knarf7112/SocketClient.git,0.4118800106,,
SARGAS,https://github.com/Davier/SARGAS.git,0.008057028946,,
recreate-ember-todo,https://github.com/devinrhode2/recreate-ember-todo.git,0.6716070793,,
ios-miles-to-kilometers,https://github.com/cjanis/ios-miles-to-kilometers.git,0.6406071542,,
vim-bootstrap-updater,https://github.com/lerrua/vim-bootstrap-updater.git,0.5894974493,,
launchd_xml,https://github.com/laffer1/launchd_xml.git,0.8168391812,,
uiu,https://github.com/mjurinic/uiu.git,0.6018017812,,
us,https://github.com/auth-mail/us.git,0.9327997945,,
twitter-crystal,https://github.com/sferik/twitter-crystal.git,0.1575838153,,
arduino-feedback-servo,https://github.com/sander/arduino-feedback-servo.git,0.9770580829,,
jgrapht,https://github.com/monora/jgrapht.git,0.5119921281,,
blutape,https://github.com/jiajialiu/blutape.git,0.6369921031,,
toy_appz,https://github.com/cheshi-mantu/toy_appz.git,0.8761593388,,
bio-utils,https://github.com/jgrzebyta/bio-utils.git,0.9110572509,,
elevate,https://github.com/madeby-nicolaslopezj/elevate.git,0.8530311663,,
web-gui-test,https://github.com/project-hatohol/web-gui-test.git,0.3180768816,,
Tri-prong,https://github.com/jinqiangshou/Tri-prong.git,0.2804485242,,
device.js,https://github.com/coqsenpate/device.js.git,0.529003849,,
markdownship,https://github.com/automateship/markdownship.git,0.8036755851,,
knockmobile,https://github.com/uchitha/knockmobile.git,0.5665222307,,
spwrapper,https://github.com/stone-joe/spwrapper.git,0.08526462968,,
Gendum,https://github.com/Divewing/Gendum.git,0.6008265812,,
rails_demo,https://github.com/y-takahashi/rails_demo.git,0.6722737304,,
touchstoneacademy.github.io,https://github.com/touchstoneacademy/touchstoneacademy.github.io.git,0.184099108,,
themosis,https://github.com/bruno-barros/themosis.git,0.3366331043,,
taupe.cat,https://github.com/taupecat/taupe.cat.git,0.5203891214,,
openmech,https://github.com/zenkr/openmech.git,0.6067430494,,
lca2016-presentation,https://github.com/dtbell91/lca2016-presentation.git,0.9612008889,,
pflogin,https://github.com/jessemonroy650/pflogin.git,0.1556554844,,
jsonrpcphp,https://github.com/Cyrille37/jsonrpcphp.git,0.3901526684,,
testbot,https://github.com/basetz/testbot.git,0.4075451432,,
Artificial-Intelligence,https://github.com/kazuya-iwami/Artificial-Intelligence.git,0.9432459967,,
php-google-spreadsheet-auto-writer,https://github.com/ttakao/php-google-spreadsheet-auto-writer.git,0.8893413232,,
migrations-generator,https://github.com/spescina/migrations-generator.git,0.6758695367,,
Akepot,https://github.com/pjjjv/Akepot.git,0.4737187216,,
HiDE,https://github.com/dnreyes/HiDE.git,0.2955695946,,
SLPG,https://github.com/leoreq/SLPG.git,0.2341126684,,
HelloWorld,https://github.com/farooq-knr/HelloWorld.git,0.03338925048,,
ember-cpm,https://github.com/GavinJoyce/ember-cpm.git,0.4286312721,,
angular.js,https://github.com/whayler1/angular.js.git,0.619373386,,
SciMCLib,https://github.com/sci4me/SciMCLib.git,0.4299118589,,
gspread,https://github.com/wbrp/gspread.git,0.2934475077,,
chef-server-image,https://github.com/opscode-cookbooks/chef-server-image.git,0.7699627606,,
parallel_tests,https://github.com/ahmadsherif/parallel_tests.git,0.8457177553,,
MythicRPG_basic_engine,https://github.com/alsarazin/MythicRPG_basic_engine.git,0.9363201199,,
otr4j,https://github.com/0xxon/otr4j.git,0.005347278675,,
TestGit,https://github.com/wangwang1069/TestGit.git,0.9675357114,,
acts-as-taggable-on,https://github.com/harrykiselev/acts-as-taggable-on.git,0.6402033149,,
ScrollMagic,https://github.com/reggi/ScrollMagic.git,0.09682109829,,
kft-activiti-demo,https://github.com/nandychen/kft-activiti-demo.git,0.3867308151,,
cmg-cmssw,https://github.com/CMSRA1/cmg-cmssw.git,0.7929577965,,
d3dx9c_learn,https://github.com/nisLarry/d3dx9c_learn.git,0.5879042517,,
demo_app,https://github.com/darklock/demo_app.git,0.1733198796,,
ChiSquaredContingencies,https://github.com/giaxyz/ChiSquaredContingencies.git,0.004179773303,,
pollexor,https://github.com/neopineo/pollexor.git,0.3066444388,,
gprotobuf-vs2013-x86-debug,https://github.com/htoooth/gprotobuf-vs2013-x86-debug.git,0.2962787748,,
CSPieProgressView,https://github.com/caniusq/CSPieProgressView.git,0.7902546069,,
paillier.js,https://github.com/hardbyte/paillier.js.git,0.01817030149,,
clulu-teaser-web,https://github.com/wcl48/clulu-teaser-web.git,0.8506408699,,
business-management-f,https://github.com/sofien-zaabi/business-management-f.git,0.9531970207,,
Project_prj,https://github.com/JeenYan/Project_prj.git,0.2661143587,,
blog,https://github.com/jinhuaxiao/blog.git,0.3659487974,,
wakanda_corporate,https://github.com/rmello4d/wakanda_corporate.git,0.5997640473,,
open-airplay,https://github.com/benkonrath/open-airplay.git,0.8078898411,,
home-sweet-home,https://github.com/bodokaiser/home-sweet-home.git,0.5299038553,,
Activity,https://github.com/taruntyagi697/Activity.git,0.8271827464,,
otp,https://github.com/haguenau/otp.git,0.7089370887,,
android-cmake,https://github.com/gjasny/android-cmake.git,0.5045370734,,
ansible-piwik,https://github.com/gardym/ansible-piwik.git,0.3210714796,,
savon,https://github.com/mparramont/savon.git,0.5197809176,,
ExpressRabbit,https://github.com/lijian5509/ExpressRabbit.git,0.8611898038,,
aws-sdk-ios-sample,https://github.com/aletheia/aws-sdk-ios-sample.git,0.191376925,,
nova-docker,https://github.com/jay-lau/nova-docker.git,0.1536442513,,
JQuery-draggable,https://github.com/AmiraNasrullah/JQuery-draggable.git,0.007065271322,,
cobweb2,https://github.com/COBWEB-ca/cobweb2.git,0.06865108787,,
bowser,https://github.com/apismontana/bowser.git,0.8526328909,,
pixelizer,https://github.com/mulderp/pixelizer.git,0.0887896293,,
go-serial,https://github.com/bugst/go-serial.git,0.8625170782,,
evil-snipe,https://github.com/hlissner/evil-snipe.git,0.9079597512,,
abaculus,https://github.com/CartoDB/abaculus.git,0.3662181134,,
tilde-how,https://github.com/hellekin/tilde-how.git,0.704750728,,
csscomb,https://github.com/ndfront/csscomb.git,0.2346075241,,
ScalaTunings,https://github.com/supercollider-quarks/ScalaTunings.git,0.9818727829,,
ferris-wheel,https://github.com/IonicaBizau/ferris-wheel.git,0.3770918619,,
RayTracer,https://github.com/PieterDeelen/RayTracer.git,0.7790780112,,
C-Exercises,https://github.com/rumama/C-Exercises.git,0.6817635953,,
devise_token_auth,https://github.com/jartek/devise_token_auth.git,0.2904509516,,
AHMAD,https://github.com/pavsh/AHMAD.git,0.1943060766,,
Spleef,https://github.com/Sky-General/Spleef.git,0.105307168,,
sf,https://github.com/ametthey/sf.git,0.3063077903,,
pslp,https://github.com/khalaan/pslp.git,0.3680533623,,
autoinstaller,https://github.com/pylerSM/autoinstaller.git,0.5691946239,,
elephant.io,https://github.com/woody1ks/elephant.io.git,0.5547092549,,
LED-3D-Display,https://github.com/avarchy/LED-3D-Display.git,0.006250084238,,
Be2Bill,https://github.com/thelia-modules/Be2Bill.git,0.4964744781,,
eid-for-android,https://github.com/egelke/eid-for-android.git,0.3928215038,,
luv,https://github.com/bjorn/luv.git,0.9634660707,,
historial_clinico,https://github.com/Cyb3rio/historial_clinico.git,0.4850994525,,
peg.rb,https://github.com/keleshev/peg.rb.git,0.03990812071,,
PayumBundle,https://github.com/mvar/PayumBundle.git,0.06271875636,,
patchwork,https://github.com/stevekiss/patchwork.git,0.6765999965,,
pygametutorial,https://github.com/flyguy10269/pygametutorial.git,0.5124009297,,
repyt,https://github.com/di/repyt.git,0.9640250554,,
springseed,https://github.com/neonds/springseed.git,0.5121085839,,
rc,https://github.com/shigeru3/rc.git,0.6122143175,,
appbuild,https://github.com/vganapat/appbuild.git,0.8114939679,,
community-web,https://github.com/florent-valeureux/community-web.git,0.8993020406,,
delete-express,https://github.com/jpca999/delete-express.git,0.669218067,,
SiSFev,https://github.com/novasdream/SiSFev.git,0.523076205,,
SIGAE,https://github.com/mhersc1/SIGAE.git,0.86602621,,
payrollsystem,https://github.com/TeamFF0000/payrollsystem.git,0.6878417538,,
promises,https://github.com/martirella/promises.git,0.4199596631,,
docker-mosquitto,https://github.com/Sanji-IO/docker-mosquitto.git,0.7273018078,,
itschool,https://github.com/vkrot/itschool.git,0.8830463889,,
prestamSYS,https://github.com/danisrjoseph/prestamSYS.git,0.2132747025,,
licenses-utils,https://github.com/greyfade/licenses-utils.git,0.984163718,,
freemarker,https://github.com/sbeimin/freemarker.git,0.9558788724,,
Pr3-c-cut-emission-spectrum,https://github.com/luosaiyu/Pr3-c-cut-emission-spectrum.git,0.1280386461,,
famidouga,https://github.com/satoshi-n/famidouga.git,0.4549359566,,
metahosting-html,https://github.com/httpPrincess/metahosting-html.git,0.9837143951,,
Shiro,https://github.com/carl-parrish/Shiro.git,0.1219887524,,
issuefy,https://github.com/rfsbraz/issuefy.git,0.856050188,,
Line-Sets,https://github.com/Welchd1/Line-Sets.git,0.130360439,,
Classification-of-Temporal-Relations-with-Global-Constraints,https://github.com/tymm/Classification-of-Temporal-Relations-with-Global-Constraints.git,0.3803533082,,
html5mobileapp,https://github.com/NilsHolger/html5mobileapp.git,0.755567118,,
heroku-buildpack-elixir,https://github.com/trenpixster/heroku-buildpack-elixir.git,0.1031026452,,
fe-token,https://github.com/VerifiedToken/fe-token.git,0.9942429552,,
Buffer-Component-CakePHP,https://github.com/00F100/Buffer-Component-CakePHP.git,0.891580373,,
concurrency,https://github.com/GoIncremental/concurrency.git,0.566268093,,
Sudoku,https://github.com/StuartGrossman/Sudoku.git,0.6733671338,,
socket.io,https://github.com/hpcslag/socket.io.git,0.8473602,,
CI20_linux,https://github.com/Etn40ff/CI20_linux.git,0.4549944165,,
BuildingYourOwnURLShortener,https://github.com/melavankimanjunath/BuildingYourOwnURLShortener.git,0.09897407927,,
nebula,https://github.com/joby001/nebula.git,0.7601216428,,
dockerfiles,https://github.com/seetheprogress/dockerfiles.git,0.575553248,,
angular-about-live,https://github.com/goncaloneves/angular-about-live.git,0.8045810609,,
dotfiles (71763),https://github.com/yous/dotfiles.git,0.7282193631,,
CheeseFinderV2,https://github.com/ericfowler303/CheeseFinderV2.git,0.7722987043,,
The-Last-Day-thelastdaymovie-528,https://github.com/joesuh/The-Last-Day-thelastdaymovie-528.git,0.08672148446,,
codelab-polymer,https://github.com/polymer-rocks/codelab-polymer.git,0.2468686129,,
mimis,https://github.com/Boukefalos/mimis.git,0.301372646,,
Jonnychen.github.io,https://github.com/Jonnychen/Jonnychen.github.io.git,0.1034701783,,
booter,https://github.com/dvionnet/booter.git,0.8428797732,,
Basic-CPU-VHDL,https://github.com/omar-mohamed/Basic-CPU-VHDL.git,0.280537497,,
educa,https://github.com/MGGROUP/educa.git,0.5851500324,,
project-todo,https://github.com/Timmahh/project-todo.git,0.7764053144,,
hello-world,https://github.com/oemergenc/hello-world.git,0.794682174,,
global.hackathon,https://github.com/emazyka/global.hackathon.git,0.7899822998,,
SampGUI,https://github.com/vijaybabuch/SampGUI.git,0.2960065671,,
GAMMA,https://github.com/tesch1/GAMMA.git,0.1238768417,,
hobos,https://github.com/bwidawsk/hobos.git,0.9174177388,,
backbone-fundamentals,https://github.com/levishi/backbone-fundamentals.git,0.1614898475,,
git-wrapper,https://github.com/heldtogether/git-wrapper.git,0.9021807955,,
toggle-switch,https://github.com/ceremcem/toggle-switch.git,0.9251795371,,
uptown.tc,https://github.com/adambrault/uptown.tc.git,0.2203349269,,
r_intro_for_grad_students,https://github.com/jmrphy/r_intro_for_grad_students.git,0.8201106663,,
exercism.io,https://github.com/delve/exercism.io.git,0.5736438913,,
barrage,https://github.com/WebHackers/barrage.git,0.7078642213,,
hugoThemes,https://github.com/stou/hugoThemes.git,0.05525263075,,
jpollard.github.com,https://github.com/jpollard/jpollard.github.com.git,0.3659652784,,
Films,https://github.com/TomVandevelde/Films.git,0.6259308651,,
JerseyWithGrizzly-initialize,https://github.com/yizhaocs/JerseyWithGrizzly-initialize.git,0.2454794542,,
rubyjobsbrazil,https://github.com/luizcaciatori/rubyjobsbrazil.git,0.7857682147,,
ak-reCAPTCHA,https://github.com/OakBehringer/ak-reCAPTCHA.git,0.7006409305,,
demo,https://github.com/xueyuan1990/demo.git,0.5548083358,,
RemoteControlServer,https://github.com/nieko143/RemoteControlServer.git,0.6346523682,,
RestfulService,https://github.com/brentvee/RestfulService.git,0.3949732218,,
PR1PRAXIS,https://github.com/alquesh/PR1PRAXIS.git,0.2774981389,,
dashboard-wordcount,https://github.com/wp-plugins/dashboard-wordcount.git,0.2909597261,,
raspberry_pwn,https://github.com/ukscone/raspberry_pwn.git,0.7186287256,,
bowlingJS,https://github.com/spike01/bowlingJS.git,0.4074403109,,
ntucalendar,https://github.com/ck520702002/ntucalendar.git,0.8841210571,,
eetv-webui,https://github.com/kevjs1982/eetv-webui.git,0.6173452996,,
nimtx,https://github.com/disisid/nimtx.git,0.03943191635,,
-AngularJsMasteringWebApp,https://github.com/SamBabiso/-AngularJsMasteringWebApp.git,0.5803455692,,
podcaster-api,https://github.com/mattmontgomery/podcaster-api.git,0.1708088729,,
FifthElement,https://github.com/CodingCo/FifthElement.git,0.7866213126,,
homepage,https://github.com/phatmojo/homepage.git,0.9470892228,,
BlockAnywhere,https://github.com/NetLancer/BlockAnywhere.git,0.1789423348,,
ybr.github.io,https://github.com/ybr/ybr.github.io.git,0.4759205058,,
idea-settings,https://github.com/randomcoder/idea-settings.git,0.251978481,,
jodoc,https://github.com/medined/jodoc.git,0.9719128904,,
sgp,https://github.com/OHI-Science/sgp.git,0.2932042656,,
sdk-examples-2008,https://github.com/PlanSwift/sdk-examples-2008.git,0.3670480039,,
android-app,https://github.com/Hackaton-AgileHub-GeoEco/android-app.git,0.08198727969,,
dev.wiredwebsites.com.au,https://github.com/nicklaw5/dev.wiredwebsites.com.au.git,0.07461271829,,
runtime-library,https://github.com/AaronLeander/runtime-library.git,0.5753067569,,
PseudoCQRS.Resharper,https://github.com/LiquidThinking/PseudoCQRS.Resharper.git,0.7164088742,,
AlarmManagerExample,https://github.com/devil1437/AlarmManagerExample.git,0.06851359924,,
js-rest-crud,https://github.com/buzzo/js-rest-crud.git,0.9290557919,,
StackExchange.Redis,https://github.com/ppanyukov/StackExchange.Redis.git,0.9817172982,,
colorama,https://github.com/merriam/colorama.git,0.05951107791,,
english-stats,https://github.com/cnnickolay/english-stats.git,0.7564951329,,
gin,https://github.com/mvader/gin.git,0.9637779466,,
Store,https://github.com/Friendship7/Store.git,0.5890175816,,
mechanize,https://github.com/fioan89/mechanize.git,0.4480588235,,
XDM,https://github.com/7ota/XDM.git,0.6253452164,,
nodogsplash,https://github.com/zhounanzhao/nodogsplash.git,0.4908911403,,
neuraltalk,https://github.com/elcct/neuraltalk.git,0.3191805462,,
gordonfan24.github.io,https://github.com/GordonFan24/gordonfan24.github.io.git,0.001231202301,,
KiselevaAI_labs,https://github.com/kiselevanastya/KiselevaAI_labs.git,0.4339778184,,
UploadWebInterface,https://github.com/MartinBeseda/UploadWebInterface.git,0.8848190284,,
scredis,https://github.com/slorion/scredis.git,0.4578784566,,
Android-Call-JS,https://github.com/andforce/Android-Call-JS.git,0.8838797664,,
xrowecommerce,https://github.com/xrowgmbh/xrowecommerce.git,0.3049231386,,
gce-recipes,https://github.com/palladius/gce-recipes.git,0.4383333654,,
patterncomposite,https://github.com/renanbarbosadasilva/patterncomposite.git,0.1784985205,,
design_patterns,https://github.com/slummer87/design_patterns.git,0.4958553261,,
AngularTest,https://github.com/elmasrya/AngularTest.git,0.4677309767,,
skyportsystems.github.io,https://github.com/rexk/skyportsystems.github.io.git,0.2196515675,,
kukumayas.github.com,https://github.com/kukumayas/kukumayas.github.com.git,0.8948949023,,
SOU,https://github.com/dtianyu/SOU.git,0.2435882072,,
jquery-tabz,https://github.com/mertkahyaoglu/jquery-tabz.git,0.7078343999,,
DEV-CPLUSPLUS-LIB-BigInt,https://github.com/OS2World/DEV-CPLUSPLUS-LIB-BigInt.git,0.9818959058,,
MyAngularPhoneGapProject,https://github.com/keithwhitson/MyAngularPhoneGapProject.git,0.1575071887,,
merkulov.me,https://github.com/MrZoidberg/merkulov.me.git,0.3832102647,,
pruebaAptana,https://github.com/hosscanoa/pruebaAptana.git,0.4742738594,,
TestGameThreeJS,https://github.com/coca44/TestGameThreeJS.git,0.9350031329,,
dccpi,https://github.com/robjcaskey/dccpi.git,0.9803269183,,
ashutoshpattnaik.github.io,https://github.com/ashutoshpattnaik/ashutoshpattnaik.github.io.git,0.07392114623,,
universe-traders,https://github.com/hanzz/universe-traders.git,0.2881574033,,
XML_POSTCARDS,https://github.com/Assylkhan/XML_POSTCARDS.git,0.9802131928,,
paperchain,https://github.com/gmichopoulos/paperchainhttpts,0.9402954796,,
lpmigrate,https://github.com/xpaperclip/lpmigrate.git,0.9609650854,,
UMOF,https://github.com/biofag/UMOF.git,0.5634605079,,
Arachnee,https://github.com/SuperValou/Arachnee.git,0.8285535208,,
graphics-metaballs,https://github.com/Icemore/graphics-metaballs.git,0.1260683166,,
renaissance-coc,https://github.com/gdespres/renaissance-coc.git,0.3194989375,,
ModernUI,https://github.com/danielcardeenas/ModernUI.git,0.202744097,,
CS-degree-completed,https://github.com/ericME/CS-degree-completed.git,0.2772760861,,
fynx,https://github.com/natew/fynx.git,0.02968150029,,
mygit,https://github.com/zhukongjie/mygit.git,0.0337958634,,
proj51,https://github.com/FilipeJedi/proj51.git,0.3625972593,,
Mock-Person-CZ,https://github.com/Manwar/Mock-Person-CZ.git,0.8019917995,,
associations_examples,https://github.com/sf-wdi-15/associations_examples.git,0.7725089864,,
SymbolsRecognition,https://github.com/SpaceDreamer/SymbolsRecognition.git,0.4606435585,,
annyang,https://github.com/jwcunhagit/annyang.git,0.5970867971,,
HuntTheWumpus,https://github.com/busdiekc/HuntTheWumpus.git,0.5372870572,,
rpcs3,https://github.com/MRebhan/rpcs3.git,0.6359997967,,
R,https://github.com/husyu/R.git,0.5314592244,,
broccoli-caching-writer,https://github.com/ef4/broccoli-caching-writer.git,0.1822227528,,
off-canvas-multi-level-push-menu,https://github.com/RandevM/off-canvas-multi-level-push-menu.git,0.6648960745,,
dynamicTimeTable,https://github.com/shridattz/dynamicTimeTable.git,0.7280362543,,
workerman-bench,https://github.com/woollplus/workerman-bench.git,0.2845587764,,
Brain-Teasers-and-Data-Structures,https://github.com/jeffChavez/Brain-Teasers-and-Data-Structures.git,0.800425543,,
FortuneCow,https://github.com/thibaultCha/FortuneCow.git,0.206041039,,
dino,https://github.com/foxdog-studios/dino.git,0.7573559218,,
Algorithms,https://github.com/KH8/Algorithms.git,0.3871805403,,
anyCoding,https://github.com/anyauh/anyCoding.git,0.9212068251,,
staticmaplite,https://github.com/mores/staticmaplite.git,0.2233422403,,
linux-odroid-xu,https://github.com/kmihelich/linux-odroid-xu.git,0.3113315809,,
mapcrafter,https://github.com/drakmirv/mapcrafter.git,0.106278446,,
PullZoneView,https://github.com/xiaoyanit/PullZoneView.git,0.1527526624,,
piratebox,https://github.com/Fusing/piratebox.git,0.4777385444,,
jchunco.github.io,https://github.com/jchunco/jchunco.github.io.git,0.7365045167,,
PocketFactions,https://github.com/gitter-badger/PocketFactions.git,0.617763829,,
Ohjelmoinnin_perusteet_Projekti,https://github.com/Crowmoore/Ohjelmoinnin_perusteet_Projekti.git,0.5588246078,,
angularjs-ee-boilerplate,https://github.com/jspades/angularjs-ee-boilerplate.git,0.6571479613,,
grunt-contrib-handlebars,https://github.com/ball-hayden/grunt-contrib-handlebars.git,0.7066191544,,
Katinas-Robot-Web-App,https://github.com/Katinas-Robot/Katinas-Robot-Web-App.git,0.505788879,,
MobileTerminalWeb,https://github.com/krngrvr09/MobileTerminalWeb.git,0.4363702916,,
scoverage-maven-plugin,https://github.com/scoverage/scoverage-maven-plugin.git,0.3961372003,,
org.dita-community.ruby-d.doctypes,https://github.com/dita-community/org.dita-community.ruby-d.doctypes.git,0.8295071908,,
rbhive,https://github.com/vidma/rbhive.git,0.7968285017,,
DREAM6,https://github.com/mackoel/DREAM6.git,0.3314618495,,
filebit-download,https://github.com/Hodutu/filebit-download.git,0.4396580964,,
CoffeeCoop,https://github.com/jennybc/CoffeeCoop.git,0.1920221956,,
TP-Bookstore,https://github.com/milardovich/TP-Bookstore.git,0.8977321101,,
oauth,https://github.com/NickTaporuk/oauth.git,0.1346575948,,
CancerThree.github.io,https://github.com/CancerThree/CancerThree.github.io.git,0.4689476997,,
Restaurantly,https://github.com/alex-krav/Restaurantly.git,0.5713264281,,
CaptureLink,https://github.com/daviceitor/CaptureLink.git,0.3625802979,,
webtest,https://github.com/gpwebdev/webtest.git,0.9416078446,,
htcf_static,https://github.com/fenshron/htcf_static.git,0.3039780849,,
SourceGrid,https://github.com/GibraltarSoftware/SourceGrid.git,0.1511834535,,
PhotoAlbum,https://github.com/TeamHouseTully/PhotoAlbum.git,0.5000957529,,
baliseimage,https://github.com/ESAD-Orleans/baliseimage.git,0.9907035844,,
NLPPeopleStat,https://github.com/variani/NLPPeopleStat.git,0.4243809353,,
star-dreams,https://github.com/mfugere/star-dreams.git,0.9735117837,,
eumm-workshop,https://github.com/hotzeplotz/eumm-workshop.git,0.4515218003,,
WarcMITMProxy,https://github.com/ymv/WarcMITMProxy.git,0.3967922508,,
gpu-miner,https://github.com/spreadcoin-project/gpu-miner.git,0.009561084145,,
FLEXLoader,https://github.com/lxcid/FLEXLoader.git,0.02830611692,,
runestone,https://github.com/dcreilly/runestone.git,0.5182959192,,
Server-Imitation,https://github.com/swlfzms/Server-Imitation.git,0.5884619665,,
Android_KoolKit,https://github.com/cstayton/Android_KoolKit.git,0.9887519955,,
meirkriheli.com,https://github.com/shlomif/meirkriheli.com.git,0.8391345911,,
lics,https://github.com/slauth/lics.git,0.1995094713,,
devisscherfr,https://github.com/devisscher/devisscherfr.git,0.3261220514,,
myrottenpotatoes,https://github.com/triptate/myrottenpotatoes.git,0.9130555922,,
Educational-Quiz,https://github.com/christianstanfield/Educational-Quiz.git,0.6367715523,,
samba-cookbook,https://github.com/scopenco/samba-cookbook.git,0.6110596649,,
riot,https://github.com/mprasad78/riot.git,0.9290841284,,
gradle-latex-example,https://github.com/m-goetz/gradle-latex-example.git,0.8140477071,,
SwipeBackLayout,https://github.com/extralam/SwipeBackLayout.git,0.7301275843,,
hello_brightray,https://github.com/rongzhou/hello_brightray.git,0.7015627629,,
upay-server,https://github.com/muccc/upay-server.git,0.8720746978,,
delite,https://github.com/semion1956/delite.git,0.5973193685,,
CCArgs,https://github.com/mattmaynes/CCArgs.git,0.4814895953,,
Course_work_DATABASE,https://github.com/Xardas1111/Course_work_DATABASE.git,0.954512712,,
library_example,https://github.com/antico5/library_example.git,0.2250866997,,
bower-kendo-ui,https://github.com/mjashanks/bower-kendo-ui.git,0.9343636486,,
MatrixSvc,https://github.com/SampleSizeShop/MatrixSvc.git,0.3721852608,,
fd-polymer-i18next-translate,https://github.com/freedomotic/fd-polymer-i18next-translate.git,0.07183227722,,
ChordDHT,https://github.com/dileepranganathan/ChordDHT.git,0.5052040548,,
dotfiles (64645),https://github.com/ccauet/dotfiles.git,0.06250622945,,
tournament,https://github.com/tournament-django/tournament.git,0.005138350029,,
os-mmb-tf2,https://github.com/matheusmb/os-mmb-tf2.git,0.4708792151,,
spock-error,https://github.com/jmcgarr/spock-error.git,0.3850098131,,
LEWAv6,https://github.com/bigwolfys/LEWAv6.git,0.3801173284,,
Tic-Tac-Toe,https://github.com/dilancse/Tic-Tac-Toe.git,0.5323819202,,
sur,https://github.com/OHI-Science/sur.git,0.2951325816,,
synopsys-uClibc,https://github.com/T-J-Teru/synopsys-uClibc.git,0.3594150554,,
recordU,https://github.com/zrfanzy/recordU.git,0.2331318667,,
AutoLayoutWithUIScrollView,https://github.com/AndyYou/AutoLayoutWithUIScrollView.git,0.9184492451,,
natka_demo,https://github.com/michto01/natka_demo.git,0.03819953829,,
build,https://github.com/pki-io/build.git,0.9112222936,,
publicsuffixlist.js,https://github.com/kstaken/publicsuffixlist.js.git,0.828943085,,
arduino,https://github.com/denkbot/arduino.git,0.6546628375,,
js_game_shell,https://github.com/jodonnell/js_game_shell.git,0.8114464262,,
currentwidget,https://github.com/andrewachen/currentwidget.git,0.9354635326,,
YODA,https://github.com/zanv/YODA.git,0.7850247962,,
dextr-vagrant,https://github.com/LinkValue/dextr-vagrant.git,0.02469375742,,
OCR-tabber,https://github.com/sn0v/OCR-tabber.git,0.7474722079,,
MWFeedParser,https://github.com/Debenson/MWFeedParser.git,0.1835300586,,
ProjectEuler,https://github.com/fantaghiro/ProjectEuler.git,0.4221757235,,
big-brother-bot,https://github.com/danielepantaleone/big-brother-bot.git,0.7883655879,,
proprietary_vendor_asus,https://github.com/Quarx2k/proprietary_vendor_asus.git,0.02480622558,,
simple-resolv,https://github.com/plause/simple-resolv.git,0.2703372325,,
TugasBesar_IFG_MiaDanFikri,https://github.com/MiaAmalia/TugasBesar_IFG_MiaDanFikri.git,0.5460689955,,
queuedb,https://github.com/artemsk/queuedb.git,0.1985280075,,
angular_bootstrap_spring,https://github.com/perfectspr/angular_bootstrap_spring.git,0.5236266393,,
handler,https://github.com/acuppy/handler.git,0.3512441155,,
DownloadManager,https://github.com/littleluren/DownloadManager.git,0.1258286048,,
kata-poker,https://github.com/symm/kata-poker.git,0.5949271988,,
Info3_proj1,https://github.com/Info3project/Info3_proj1.git,0.1779594148,,